Economy,Law Name,Law Number / Ref,Last Amended,Indicator ID,Article / Section,Discovery Tag,Location Reference,Verbatim Snippet,Mapping Rationale,Source URL,Confidence,Notes,Coverage,Verbatim Snippet (English),Status
Singapore,Personal Data Protection Act 2012,,,P6-I1,n/a,KNOWN,n/a,NO_EVIDENCE_FOUND_PENDING_REVIEW,"No qualifying provision found for P6-I1 after a full-corpus sweep. The configured governing law is cited as the reference basis (score-0 pattern, A3).",https://sso.agc.gov.sg/Act/PDPA2012,0.6,Absence row (NO_EVIDENCE_FOUND_PENDING_REVIEW): human approval required before this becomes a score-0 final row (P3.5 A3).,Horizontal,,in_force
Singapore,Companies Act 1967,Act 42 of 1967,,P6-I2,s. 199(3),KNOWN,#pr199-,must be kept at the registered office of the company or at such other place as the directors think fit,"This section requires companies to keep accounting records at a domestic location. Maps to P6-I2 because it mandates local storage of records (copy kept in-country), while transfer is not prohibited.",https://sso.agc.gov.sg/Act/CoA1967#pr199-,0.98,Discovery: master dataset already records s. 199 of this law. Modality: must; exceptions: none,Sectoral (companies / corporate records),,in_force
Singapore,Companies Act 1967,Act 42 of 1967,,P6-I2,s. 199(4),KNOWN,#pr199-,If accounting and other records are kept by the company at a place outside Singapore there must be sent to and kept at a place in Singapore,This section requires companies to keep copies of accounting/other records in Singapore when the originals are kept abroad. Maps to P6-I2 because it imposes domestic storage of a copy while transfer/foreign keeping remains allowed.,https://sso.agc.gov.sg/Act/CoA1967#pr199-,0.98,Discovery: master dataset already records s. 199 of this law. Modality: must; exceptions: none,Sectoral - companies (companies),,in_force
Singapore,Personal Data Protection Act 2012,No. 26 of 2012,,P6-I2,s. 22A(1),NEW,#pr22A-,"the organisation must preserve, for not less than the prescribed period, a copy of the personal data concerned.","This section requires an organisation to preserve a copy of personal data. Maps to P6-I2 because it mandates domestic retention of a copy of personal data, while transfer is not prohibited.",https://sso.agc.gov.sg/Act/PDPA2012#pr22A-,0.98,"Discovery: instrument is known but s. 22A is not among its recorded provisions (['11', '25', '26']). Modality: must; exceptions: none",Sectoral (personal data protection),,in_force
Singapore,Personal Data Protection Act 2012,,,P6-I3,n/a,KNOWN,n/a,NO_EVIDENCE_FOUND_PENDING_REVIEW,"No qualifying provision found for P6-I3 after a full-corpus sweep. The configured governing law is cited as the reference basis (score-0 pattern, A3).",https://sso.agc.gov.sg/Act/PDPA2012,0.6,Absence row (NO_EVIDENCE_FOUND_PENDING_REVIEW): human approval required before this becomes a score-0 final row (P3.5 A3).,Horizontal,,in_force
Singapore,Personal Data Protection Act 2012,No. 26 of 2012,,P6-I4,s. 26(1),KNOWN,#pr26-,An organisation must not transfer any personal data to a country or territory outside Singapore except in accordance with requirements prescribed under this Act,This section prohibits transfer of personal data abroad unless prescribed requirements are met. Maps to P6-I4 because it creates a conditional cross-border transfer regime: transfer is permitted if the statutory protection requirements are satisfied.,https://sso.agc.gov.sg/Act/PDPA2012#pr26-,0.98,Discovery: master dataset already records s. 26 of this law. Modality: must not; exceptions: except in accordance with requirements prescribed under this Act,Sectoral (Personal data protection),,in_force
Singapore,Personal Data Protection Act 2012,No. 26 of 2012,,P7-I1,s. 11(2),KNOWN,#pr11-,An organisation is responsible for personal data in its possession or under its control.,"This section requires organisations to be responsible for personal data in their possession or control. It maps to P7-I1 because it evidences a horizontal personal-data-protection framework’s core accountability rule, not a sector-only regime.",https://sso.agc.gov.sg/Act/PDPA2012#pr11-,0.93,Discovery: master dataset already records s. 11 of this law. Modality: is responsible; exceptions: none,Horizontal,,in_force
Singapore,Personal Data Protection Act 2012,No. 26 of 2012,,P7-I1,s. 11(1),KNOWN,#pr11-,"In meeting its responsibilities under this Act, an organisation must consider what a reasonable person would consider appropriate in the circumstances.","This section requires organisations to consider reasonableness in meeting responsibilities under the Act. It evidences the horizontal personal-data-protection framework’s existence, so it maps to P7-I1 as framework evidence rather than absence of a framework.",https://sso.agc.gov.sg/Act/PDPA2012#pr11-,0.93,Discovery: master dataset already records s. 11 of this law. Modality: must; exceptions: none,Horizontal,,in_force
Singapore,Personal Data Protection Act 2012,No. 26 of 2012,,P7-I1,s. 11(3),KNOWN,#pr11-,An organisation must designate one or more individuals to be responsible for ensuring that the organisation complies with this Act.,"This section requires organisations to designate compliance المسؤولs. Maps to P7-I1 because it evidences a horizontal personal-data-protection framework in force, even though the indicator scores absence of comprehensiveness.",https://sso.agc.gov.sg/Act/PDPA2012#pr11-,0.96,Discovery: master dataset already records s. 11 of this law. Modality: must; exceptions: none,Horizontal,,in_force
Singapore,Personal Data Protection Act 2012,No. 26 of 2012,,P7-I1,s. 11(5A),KNOWN,#pr11-,"(5A) Without limiting subsection (5), an organisation is deemed to have satisfied that subsection if the organisation makes available the business contact information of any individual mentioned in subsection (3) in any prescribed manner.","This provision establishes a compliance deeming rule for organisations. It maps to P7-I1 because it evidences the Personal Data Protection Act 2012 as the horizontal personal-data-protection framework, even though the indicator scores absence of a comprehensive framework.",https://sso.agc.gov.sg/Act/PDPA2012#pr11-,0.93,Discovery: master dataset already records s. 11 of this law. Modality: is deemed to have satisfied; exceptions: Without limiting subsection (5),Horizontal,,in_force
Singapore,Personal Data Protection Act 2012,No. 26 of 2012,,P7-I1,s. 11(6),KNOWN,#pr11-,The designation of an individual by an organisation under subsection (3) does not relieve the organisation of any of its obligations under this Act.,This provision establishes continuing accountability obligations for organisations. Maps to P7-I1 because it evidences the existence of a horizontal personal-data-protection framework rather than its absence.,https://sso.agc.gov.sg/Act/PDPA2012#pr11-,0.95,Discovery: master dataset already records s. 11 of this law. Modality: does not relieve; exceptions: none,Horizontal,,in_force
Singapore,Personal Data Protection Act 2012,No. 26 of 2012,,P7-I1,s. 1,NEW,#pr1-,This Act is the Personal Data Protection Act 2012.,"This section establishes the Act. Maps to P7-I1 because it evidences the existence of a horizontal personal-data-protection framework, which is the framework existence row; the absence score is handled separately.",https://sso.agc.gov.sg/Act/PDPA2012#pr1-,0.98,"Discovery: instrument is known but s. 1 is not among its recorded provisions (['11', '25', '26']). Modality: establishes; exceptions: none",Horizontal,,in_force
Singapore,Personal Data Protection Act 2012,No. 26 of 2012,,P7-I1,s. 5(2),NEW,#pr5-,The Personal Data Protection Commission is responsible for the administration of this Act.,"This provision establishes the administering authority for the Personal Data Protection Act 2012. Maps to P7-I1 because it evidences a horizontal personal-data-protection framework exists, so the absence score is not 1.",https://sso.agc.gov.sg/Act/PDPA2012#pr5-,0.96,"Discovery: instrument is known but s. 5 is not among its recorded provisions (['11', '25', '26']). Modality: is responsible for; exceptions: none",Horizontal,,in_force
Singapore,Personal Data Protection Act 2012,No. 26 of 2012,,P7-I1,s. 3,NEW,#pr3-,"The purpose of this Act is to govern the collection, use and disclosure of personal data by organisations","This section establishes the governing framework for collection, use, and disclosure of personal data by organisations. Maps to P7-I1 because it evidences a horizontal personal-data-protection law in force, so the economy does not lack a comprehensive framework on this provision alone.",https://sso.agc.gov.sg/Act/PDPA2012#pr3-,0.97,"Discovery: instrument is known but s. 3 is not among its recorded provisions (['11', '25', '26']). Modality: is to govern; exceptions: none",Horizontal,,in_force
Singapore,Personal Data Protection Act 2012,No. 26 of 2012,,P7-I1,s. 2(1),NEW,#pr2-,"“personal data” means data, whether true or not, about an individual who can be identified — ( a ) from that data; or ( b ) from that data and other information to which the organisation has or is likely to have access;","This section establishes the definition of personal data. Maps to P7-I1 because it evidences the existence of a horizontal personal-data-protection framework under the Act, which is the relevant framework provision for assessing comprehensiveness.",https://sso.agc.gov.sg/Act/PDPA2012#pr2-,0.93,"Discovery: instrument is known but s. 2 is not among its recorded provisions (['11', '25', '26']). Modality: establishes; exceptions: unless the context otherwise requires",Horizontal,,in_force
Singapore,Personal Data Protection Act 2012,No. 26 of 2012,,P7-I1,s. 4(4),NEW,#pr4-,"This Act does not apply in respect of — ( a ) personal data about an individual that is contained in a record that has been in existence for at least 100 years; or ( b ) personal data about a deceased individual, except that the provisions relating to the disclosure of personal data and section 24 (protection of personal data) apply","This section excludes certain data from the Act’s scope and preserves limited application for deceased persons. Maps to P7-I1 because it evidences the existence and scope of a horizontal personal-data-protection framework, which is the framework row ESCAP records for this absence-scored indicator.",https://sso.agc.gov.sg/Act/PDPA2012#pr4-,0.97,"Discovery: instrument is known but s. 4 is not among its recorded provisions (['11', '25', '26']). Modality: does not apply; exceptions: the provisions relating to the disclosure of personal data and section 24 (protection of personal data) apply to personal data about an individual who has been dead for 10 years or less",Horizontal,,in_force
Singapore,Personal Data Protection Act 2012,No. 26 of 2012,,P7-I1,s. 4(6),NEW,#pr4-,"nothing in Parts 3, 4, 5, 6, 6A and 6B affects any authority, right, privilege or immunity conferred, or obligation or limitation imposed, by or under the law","This section establishes the Act’s relationship to other laws. Maps to P7-I1 because it evidences a horizontal personal-data-protection framework in force, even though it is a supremacy/interaction clause rather than a substantive right.",https://sso.agc.gov.sg/Act/PDPA2012#pr4-,0.91,"Discovery: instrument is known but s. 4 is not among its recorded provisions (['11', '25', '26']). Modality: shall not affect / prevails subject to inconsistency; exceptions: Performance of a contractual obligation is not an excuse for contravening the Act; Other written law prevails to the extent of inconsistency",Horizontal,,in_force
Singapore,Personal Data Protection Act 2012,No. 26 of 2012,,P7-I1,s. 13,NEW,#pr13-,"An organisation must not, on or after 2 July 2014, collect, use or disclose personal data about an individual unless — ( a ) the individual gives, or is deemed to have given, his or her consent under this Act to the collection, use or disclosure, as the case may be; or ( b ) the collection, use or disclosure (as the case may be) without the individual’s consent is required or authorised under this","This section prohibits organisations from collecting, using, or disclosing personal data unless consent or legal authorization exists. It evidences the horizontal personal-data-protection framework, so it maps to P7-I1 as proof the framework exists (score handled separately).",https://sso.agc.gov.sg/Act/PDPA2012#pr13-,0.98,"Discovery: instrument is known but s. 13 is not among its recorded provisions (['11', '25', '26']). Modality: must not; exceptions: the individual gives, or is deemed to have given, his or her consent under this Act; the collection, use or disclosure without the individual’s consent is required or authorised under this Act or any other written law",Horizontal,,in_force
Singapore,Cybersecurity Act 2018,No. 9 of 2018,,P7-I2,s. 5(2),NEW,#pr5-,The office of the Commissioner is to be known as the Cyber Security Agency of Singapore.,This section establishes the Cyber Security Agency of Singapore. Maps to P7-I2 because it evidences a dedicated horizontal cybersecurity framework rather than the absence of one.,https://sso.agc.gov.sg/Act/CA2018#pr5-,0.97,Discovery: instrument is known but s. 5 is not among its recorded provisions (none recorded). Modality: is to be known as; exceptions: none,Horizontal,,in_force
Singapore,Cybersecurity Act 2018,No. 9 of 2018,,P7-I2,s. 48(2),NEW,#pr48-,the type of cybersecurity incidents relating to — (i) a provider-owned critical information infrastructure that are required to be reported by the owner of the provider-owned critical information infrastructure;,"This section permits regulations establishing incident-reporting requirements for critical information infrastructure. Maps to P7-I2 because it evidences a dedicated cybersecurity framework covering incident response/reporting, even though the score reflects absence of a horizontal framework.",https://sso.agc.gov.sg/Act/CA2018#pr48-,0.97,Discovery: instrument is known but s. 48 is not among its recorded provisions (none recorded). Modality: may make regulations; exceptions: Without limiting subsection (1),Sectoral (critical information infrastructure),,in_force
Singapore,Cybersecurity Act 2018,No. 9 of 2018,,P7-I2,s. 14(2),NEW,#pr14-,The owner of a provider-owned critical information infrastructure must establish such mechanisms and processes for the purposes of detecting cybersecurity threats and incidents in respect of the provider-owned critical information infrastructure,"This section requires provider-owned critical information infrastructure owners to establish detection mechanisms/processes. Maps to P7-I2 because it evidences a dedicated cybersecurity framework for critical infrastructure, so the economy does not lack such a framework.",https://sso.agc.gov.sg/Act/CA2018#pr14-,0.97,Discovery: instrument is known but s. 14 is not among its recorded provisions (none recorded). Modality: must; exceptions: none,Sectoral (critical information infrastructure),,in_force
Singapore,Cybersecurity Act 2018,No. 9 of 2018,,P7-I2,s. 35A(1),NEW,#pr35A-,"The Commissioner may, from time to time — ( a ) issue or approve one or more codes of practice or standards of performance for the regulation of the following persons with respect to measures to be taken by them to ensure the cybersecurity of the computers or computer systems indicated","This section permits the Commissioner to issue or approve codes of practice/standards of performance. It establishes a cybersecurity regulatory framework for critical information infrastructure and related designated systems, so it is evidence of a dedicated framework under P7-I2.",https://sso.agc.gov.sg/Act/CA2018#pr35A-,0.96,Discovery: instrument is known but s. 35A is not among its recorded provisions (none recorded). Modality: may; exceptions: (b) amend or revoke any code of practice or standard of performance issued or approved under paragraph (a),Sectoral (Cybersecurity / critical information infrastructure),,in_force
Singapore,Cybersecurity Act 2018,No. 9 of 2018,,P7-I2,s. 17(1),NEW,#pr17-,"The Commissioner may, by written notice to the owner of a computer or computer system, designate the computer or computer system as a system of temporary cybersecurity concern for the purposes of this Act","This section permits designation of systems of temporary cybersecurity concern. It maps to P7-I2 because it evidences a dedicated cybersecurity framework under the Cybersecurity Act, even though the indicator is absence-scored.",https://sso.agc.gov.sg/Act/CA2018#pr17-,0.95,Discovery: instrument is known but s. 17 is not among its recorded provisions (none recorded). Modality: may; exceptions: none,Horizontal,,in_force
Singapore,Cybersecurity Act 2018,No. 9 of 2018,,P7-I2,s. 16G(2),NEW,#pr16G-,a direction under that subsection may relate to — ( a ) the action to be taken by the provider or providers in relation to a cybersecurity threat,"This section permits the Commissioner to issue directions on cybersecurity threat response. Maps to P7-I2 because it evidences a dedicated cybersecurity framework governing incident response and threat handling, not a lack of framework.",https://sso.agc.gov.sg/Act/CA2018#pr16G-,0.95,Discovery: instrument is known but s. 16G is not among its recorded provisions (none recorded). Modality: may; exceptions: none,Sectoral (providers of essential service / critical information infrastructure),,in_force
Singapore,Cybersecurity Act 2018,No. 9 of 2018,,P7-I2,s. 14(1),NEW,#pr14-,"The owner of a provider-owned critical information infrastructure must notify the Commissioner of the occurrence of any of the following in the prescribed form and manner, within the prescribed period after becoming aware of such occurrence:","This section requires incident notification by owners of provider-owned critical information infrastructure. Maps to P7-I2 because it evidences a cybersecurity incident-reporting framework for critical infrastructure, which is part of a dedicated cybersecurity law.",https://sso.agc.gov.sg/Act/CA2018#pr14-,0.95,Discovery: instrument is known but s. 14 is not among its recorded provisions (none recorded). Modality: must; exceptions: none,Sectoral (provider-owned critical information infrastructure),,in_force
Singapore,Cybersecurity Act 2018,No. 9 of 2018,,P7-I2,s. 20(1),NEW,#pr20-,"Where the Commissioner receives information regarding a cybersecurity threat or incident which satisfies the severity threshold in subsection (3), the Commissioner may exercise, or may authorise the Deputy Commissioner, an Assistant Commissioner, a cybersecurity officer or an authorised officer to exercise, such of the powers mentioned in subsection (2) as are necessary to investigate the cybersec","This section permits the Commissioner to investigate and prevent serious cybersecurity incidents. Maps to P7-I2 because it evidences a dedicated horizontal cybersecurity incident-response framework, not the absence of one.",https://sso.agc.gov.sg/Act/CA2018#pr20-,0.97,Discovery: instrument is known but s. 20 is not among its recorded provisions (none recorded). Modality: may; exceptions: none,Horizontal,,in_force
Singapore,Cybersecurity Act 2018,No. 9 of 2018,,P7-I2,s. 19(1),NEW,#pr19-,"Where information regarding a cybersecurity threat or incident has been received by the Commissioner, the Commissioner may exercise, or may authorise the Deputy Commissioner, an Assistant Commissioner, a cybersecurity officer or an authorised officer to exercise, such of the powers mentioned in subsection (2) as are necessary to investigate the cybersecurity threat or incident","This section permits the Commissioner and designated officers to investigate and respond to cybersecurity threats/incidents. Maps to P7-I2 because it evidences a dedicated cybersecurity incident-response framework, which is the controlling framework provision for cybersecurity.",https://sso.agc.gov.sg/Act/CA2018#pr19-,0.95,Discovery: instrument is known but s. 19 is not among its recorded provisions (none recorded). Modality: may; exceptions: none,Horizontal,,in_force
Singapore,Cybersecurity Act 2018,No. 9 of 2018,,P7-I2,s. 12(2),NEW,#pr12-,a direction under that subsection may relate to — ( a ) the action to be taken by the owner or owners in relation to a cybersecurity threat;,"This section permits the Commissioner to direct owners of provider-owned critical information infrastructure on cybersecurity threat response. Maps to P7-I2 because it evidences a dedicated cybersecurity framework for a critical-infrastructure sector, not a lack of framework.",https://sso.agc.gov.sg/Act/CA2018#pr12-,0.95,Discovery: instrument is known but s. 12 is not among its recorded provisions (none recorded). Modality: may; exceptions: none,Sectoral (provider-owned critical information infrastructure),,in_force
Singapore,Cybersecurity Act 2018,No. 9 of 2018,,P7-I2,s. 17F(2),NEW,#pr17F-,The owner of a system of temporary cybersecurity concern must establish such mechanisms and processes for the purposes of detecting cybersecurity threats and incidents in respect of the system of temporary cybersecurity concern,"This section requires owners to establish detection mechanisms and processes. Maps to P7-I2 because it evidences a cybersecurity incident-detection framework, which is part of the dedicated cybersecurity legal framework.",https://sso.agc.gov.sg/Act/CA2018#pr17F-,0.95,Discovery: instrument is known but s. 17F is not among its recorded provisions (none recorded). Modality: must; exceptions: none,Sectoral (systems of temporary cybersecurity concern),,in_force
Singapore,Cybersecurity Act 2018,No. 9 of 2018,,P7-I2,s. 3(2E),NEW,#pr3-,Part 3C (except section 18A) applies to any entity of special cybersecurity interest incorporated or established under any written law; and ( b ) section 18A applies to any entity incorporated or established under any written law whom the Commissioner has reason to believe may fulfil the criteria to be designated as an entity of special cybersecurity interest.,"This section establishes the application of cybersecurity obligations to designated entities. Maps to P7-I2 because it evidences a dedicated cybersecurity framework governing cybersecurity risk/incident-related duties, so the economy does not lack such a framework.",https://sso.agc.gov.sg/Act/CA2018#pr3-,0.93,Discovery: instrument is known but s. 3 is not among its recorded provisions (none recorded). Modality: applies; exceptions: Part 3C excludes section 18A,Horizontal,,in_force
Singapore,Cybersecurity Act 2018,No. 9 of 2018,,P7-I2,s. 16F(1),NEW,#pr16F-,A designated provider responsible for third‑party‑owned critical information infrastructure must obtain a legally binding commitment from the owner,"This section requires designated providers to obtain a binding commitment ensuring cybersecurity standards for third-party-owned critical information infrastructure. It evidences a cybersecurity governance framework, but it is sectoral/CII-specific rather than a horizontal dedicated framework, so P7",https://sso.agc.gov.sg/Act/CA2018#pr16F-,0.93,Discovery: instrument is known but s. 16F is not among its recorded provisions (none recorded). Modality: must; exceptions: none,Sectoral (critical information infrastructure / essential services),,in_force
Singapore,Cybersecurity Act 2018,No. 9 of 2018,,P7-I2,s. 16I(5),NEW,#pr16I-,The designated provider responsible for third-party-owned critical information infrastructure must establish such mechanisms and processes for the purposes of becoming aware of any cybersecurity threats and incidents,"This section requires mechanisms/processes for awareness of cybersecurity threats and incidents. Maps to P7-I2 because it evidences a cybersecurity incident-monitoring framework for critical infrastructure, though sectoral rather than horizontal.",https://sso.agc.gov.sg/Act/CA2018#pr16I-,0.95,Discovery: instrument is known but s. 16I is not among its recorded provisions (none recorded). Modality: must; exceptions: none,Sectoral (critical information infrastructure / essential services),,in_force
Singapore,Cybersecurity Act 2018,No. 9 of 2018,,P7-I2,s. 20(2),NEW,#pr20-,"direct, by written notice, any person to carry out such remedial measures, or to cease carrying on such activities, as may be specified to the person, in relation to a computer or computer system","This section requires incident-response powers to direct remedial measures and cessation of activities. Maps to P7-I2 because it evidences a dedicated cybersecurity incident-response framework, not the absence of one.",https://sso.agc.gov.sg/Act/CA2018#pr20-,0.96,"Discovery: instrument is known but s. 20 is not among its recorded provisions (none recorded). Modality: may/direct by written notice; exceptions: subject to subsection (5), with the owner’s consent, take possession of any computer or other equipment for the purpose of carrying out further examination or analysis",Horizontal,,in_force
Singapore,Cybersecurity Act 2018,No. 9 of 2018,,P7-I2,s. 4(1),NEW,#pr4-,"The Minister may appoint, from public officers or employees of a statutory body under the charge of the Minister — ( a ) a Commissioner of Cybersecurity; and ( b ) a Deputy Commissioner and one or more Assistant Commissioners of Cybersecurity","This section permits appointment and establishes the cybersecurity administration framework. Maps to P7-I2 because it evidences a dedicated horizontal cybersecurity law, not the absence of one.",https://sso.agc.gov.sg/Act/CA2018#pr4-,0.96,Discovery: instrument is known but s. 4 is not among its recorded provisions (none recorded). Modality: may; exceptions: none,Horizontal,,in_force
Singapore,Cybersecurity Act 2018,No. 9 of 2018,,P7-I2,s. 16I(4),NEW,#pr16I-,The designated provider responsible for third‑party‑owned critical information infrastructure must notify the Commissioner of the occurrence of any of the following,"This section requires designated providers to notify the Commissioner of cybersecurity incidents. Maps to P7-I2 because it evidences a sector-specific cybersecurity incident-reporting framework for critical information infrastructure, not a horizontal dedicated cybersecurity law.",https://sso.agc.gov.sg/Act/CA2018#pr16I-,0.95,Discovery: instrument is known but s. 16I is not among its recorded provisions (none recorded). Modality: must; exceptions: none,Sectoral (critical information infrastructure / essential services),,in_force
Singapore,Cybersecurity Act 2018,No. 9 of 2018,,P7-I2,s. 16J(8),NEW,#pr16J-,"Where it appears to the Commissioner, from the report of a cybersecurity risk assessment furnished under subsection (5), that the assessment was not carried out satisfactorily, the Commissioner may direct the designated provider responsible for third‑party‑owned critical information infrastructure","This provision permits the Commissioner to direct further cybersecurity risk assessment steps. It evidences a cybersecurity governance framework for critical information infrastructure, so it maps to P7-I2 as a dedicated sectoral cybersecurity framework rather than no framework.",https://sso.agc.gov.sg/Act/CA2018#pr16J-,0.91,Discovery: instrument is known but s. 16J is not among its recorded provisions (none recorded). Modality: may direct; exceptions: none stated,Sectoral (critical information infrastructure),,in_force
Singapore,Cybersecurity Act 2018,No. 9 of 2018,,P7-I2,s. 16E(1),NEW,#pr16E-,A designated provider responsible for third‑party‑owned critical information infrastructure must obtain a legally binding commitment,"This section requires designated providers to obtain commitments and furnish cybersecurity-related information. Maps to P7-I2 because it evidences a cybersecurity governance framework for critical information infrastructure, i.e. a sectoral framework rather than no framework.",https://sso.agc.gov.sg/Act/CA2018#pr16E-,0.93,Discovery: instrument is known but s. 16E is not among its recorded provisions (none recorded). Modality: must; exceptions: none,Sectoral (critical information infrastructure / essential services),,in_force
Singapore,Cybersecurity Act 2018,No. 9 of 2018,,P7-I2,s. 10(1),NEW,#pr10-,"The Commissioner may by notice given in the prescribed form and manner, require the owner of a provider-owned critical information infrastructure to furnish","This section permits the Commissioner to require disclosure of CII security/operation information. It maps to P7-I2 because it evidences the cybersecurity framework for critical information infrastructure, which is a dedicated horizontal cybersecurity law.",https://sso.agc.gov.sg/Act/CA2018#pr10-,0.95,Discovery: instrument is known but s. 10 is not among its recorded provisions (none recorded). Modality: may require; exceptions: none,Horizontal,,in_force
Singapore,Cybersecurity Act 2018,No. 9 of 2018,,P7-I2,s. 16E(4),NEW,#pr16E-,"The Commissioner may by notice given in the prescribed form and manner, require the designated provider responsible for third‑party‑owned critical information infrastructure to furnish","This section permits the Commissioner to require furnishing of cybersecurity information for third-party-owned critical information infrastructure. Maps to P7-I2 because it evidences a dedicated cybersecurity framework for critical infrastructure, not a lack of one.",https://sso.agc.gov.sg/Act/CA2018#pr16E-,0.93,Discovery: instrument is known but s. 16E is not among its recorded provisions (none recorded). Modality: may require; exceptions: none,Sectoral (critical information infrastructure),,in_force
Singapore,Cybersecurity Act 2018,No. 9 of 2018,,P7-I2,s. 16F(2),NEW,#pr16F-,"Where subsection (1) is not complied with, the Commissioner may order the designated provider responsible for third‑party‑owned critical information infrastructure to cease using, directly or indirectly, the third‑party‑owned critical information infrastructure","This provision permits the Commissioner to order cessation of use. It maps to P7-I2 because it evidences a dedicated cybersecurity framework governing critical information infrastructure cybersecurity, not a lack of framework.",https://sso.agc.gov.sg/Act/CA2018#pr16F-,0.95,Discovery: instrument is known but s. 16F is not among its recorded provisions (none recorded). Modality: may order; exceptions: none,Sectoral (critical information infrastructure / essential services),,in_force
Singapore,Companies Act 1967,Act 42 of 1967,,P7-I3,s. 199(2),KNOWN,#pr199-,The company must retain the records referred to in subsection (1) for a period of not less than 5 years,This section requires companies to retain accounting records. Maps to P7-I3 because it establishes a minimum retention period of not less than 5 years.,https://sso.agc.gov.sg/Act/CoA1967#pr199-,0.99,Discovery: master dataset already records s. 199 of this law. Modality: must; exceptions: none,Horizontal,,in_force
Singapore,Income Tax Act 1947,Act 39 of 1947,,P7-I3,s. 67(1),KNOWN,#pr67-,must keep and retain in safe custody sufficient records for a period of 5 years,"This section requires taxpayers carrying on a trade, business, profession or vocation to keep and retain records for 5 years. Maps to P7-I3 because it expressly sets a minimum retention period (keep >= 5 years).",https://sso.agc.gov.sg/Act/ITA1947#pr67-,0.99,Discovery: master dataset already records s. 67 of this law. Modality: must; exceptions: Subject to subsection (3),Horizontal,,in_force
Singapore,Income Tax Act 1947,Act 39 of 1947,,P7-I3,s. 34F(6),NEW,#pr34F-,"must retain in safe custody transfer pricing documentation prepared by the person for each transaction, for a period of at least 5 years",This section requires taxpayers to retain transfer pricing documentation. Maps to P7-I3 because it expressly establishes a minimum retention period of at least 5 years.,https://sso.agc.gov.sg/Act/ITA1947#pr34F-,0.99,Discovery: instrument is known but s. 34F is not among its recorded provisions (['67']). Modality: must; exceptions: none,Sectoral (Income tax / transfer pricing),,in_force
Singapore,Cybersecurity Act 2018,No. 9 of 2018,,P7-I3,s. 29(1),NEW,#pr29-,retain every such record for a period of not less than 3 years after the date of the occasion to which the record relates,This section requires licensees to retain records. Maps to P7-I3 because it expressly sets a minimum retention period of not less than 3 years.,https://sso.agc.gov.sg/Act/CA2018#pr29-,0.99,Discovery: instrument is known but s. 29 is not among its recorded provisions (none recorded). Modality: must; exceptions: none,Sectoral (Cybersecurity service providers),,in_force
Singapore,Companies Act 1967,Act 42 of 1967,,P7-I3,s. 344H(1),NEW,#pr344H-,must ensure that all books and papers of the company are retained for a period of at least 5 years after the date on which the company was dissolved.,This section requires retention of books and papers. Maps to P7-I3 because it expressly sets a minimum retention period of at least 5 years.,https://sso.agc.gov.sg/Act/CoA1967#pr344H-,0.99,"Discovery: instrument is known but s. 344H is not among its recorded provisions (['145', '199', '215AA', '368', '370', '4']). Modality: must ensure; exceptions: none",Sectoral (Companies / corporate records),,in_force
Singapore,Companies Act 1967,Act 42 of 1967,,P7-I3,s. 173(4),NEW,#pr173-,The Registrar need only keep any former name of a director in the register of the company for a period of 5 years from the date on which the name was furnished to the Registrar.,This provision requires the Registrar to keep former director names for 5 years. Maps to P7-I3 because it specifies a minimum retention period (keep for at least 5 years).,https://sso.agc.gov.sg/Act/CoA1967#pr173-,0.98,"Discovery: instrument is known but s. 173 is not among its recorded provisions (['145', '199', '215AA', '368', '370', '4']). Modality: need only; exceptions: none",Horizontal,,in_force
Singapore,Personal Data Protection Act 2012,No. 26 of 2012,,P7-I4,s. 11(3),KNOWN,#pr11-,An organisation must designate one or more individuals to be responsible for ensuring that the organisation complies with this Act.,"This section requires organisations to appoint responsible individuals. Maps to P7-I4 because it establishes a DPO-like accountability function across organisations, satisfying the indicator’s DPO requirement.",https://sso.agc.gov.sg/Act/PDPA2012#pr11-,0.98,Discovery: master dataset already records s. 11 of this law. Modality: must; exceptions: none,Horizontal,,in_force
Singapore,Criminal Procedure Code 2010,Act 15 of 2010,,P7-I5,s. 39(1),KNOWN,#pr39-,"a police officer or an authorised person investigating an arrestable offence may, at any time — ( a ) access, inspect and check the operation in or from Singapore of a computer",This section permits police access to computers. Maps to P7-I5 because it authorizes access without any independent judicial authorization; the power is exercisable directly by police subject only to statutory conditions.,https://sso.agc.gov.sg/Act/CPC2010#pr39-,0.98,Discovery: master dataset already records s. 39 of this law. Modality: may; exceptions: subject to subsection (1A),Sectoral (Criminal procedure / police investigations),,in_force
Singapore,Criminal Procedure Code 2010,Act 15 of 2010,,P7-I5,s. 20(5),KNOWN,#pr20-,"A police officer, or an authorised person, may exercise the powers conferred under this section despite any provision in any other law relating to the production of, or the giving of any access to, any document or thing, or data.",This section permits police officers or authorised persons to exercise production/access powers despite other laws. Maps to P7-I5 because it authorizes government access to data without requiring independent judicial authorization.,https://sso.agc.gov.sg/Act/CPC2010#pr20-,0.93,"Discovery: master dataset already records s. 20 of this law. Modality: may; exceptions: despite any provision in any other law relating to the production of, or the giving of any access to, any document or thing, or data",Sectoral (Criminal procedure / law enforcement),,in_force
Singapore,Criminal Procedure Code 2010,Act 15 of 2010,,P7-I5,s. 39(2),KNOWN,#pr39-,The police officer or authorised person may also order any of the following persons to provide any assistance,This section permits police/authorised persons to order assistance. Maps to P7-I5 because it authorizes access-related assistance without any independent judicial authorization; no court order/warrant is required in the text.,https://sso.agc.gov.sg/Act/CPC2010#pr39-,0.95,Discovery: master dataset already records s. 39 of this law. Modality: may order; exceptions: none,Sectoral (Criminal procedure / law enforcement),,in_force
Singapore,Criminal Procedure Code 2010,Act 15 of 2010,,P7-I5,s. 39(2B),KNOWN,#pr39-,"the police officer or authorised person — ( a ) may exercise the powers under subsection (1) in relation to that computer, or any data contained in or available to that computer, if — (i) the owner of that computer consents","This section permits police access to computer data. Maps to P7-I5 because it allows access without independent judicial authorization when the owner consents or access is obtained through other investigative powers, so warrantless access exists.",https://sso.agc.gov.sg/Act/CPC2010#pr39-,0.97,Discovery: master dataset already records s. 39 of this law. Modality: may; exceptions: none,Sectoral (Criminal procedure / law enforcement),,in_force
Singapore,Criminal Procedure Code 2010,Act 15 of 2010,,P7-I5,s. 20(2A),KNOWN,#pr20-,"a written order under subsection (1) or (1A) for the production of customer information by a specified institution, or access to customer information kept by a specified institution","This section permits access to customer information by written order. Maps to P7-I5 because it authorizes government access to personal data only via a written order, i.e. judicial authorization is required, so it does not create warrantless access.",https://sso.agc.gov.sg/Act/CPC2010#pr20-,0.95,Discovery: master dataset already records s. 20 of this law. Modality: may only be made; exceptions: none,Sectoral (criminal procedure / police investigations),,in_force
Singapore,Criminal Procedure Code 2010,Act 15 of 2010,,P7-I5,s. 20(3),KNOWN,#pr20-,"the Public Prosecutor may issue a written order to require the Postal Authority, public postal licensee or public parcel locker network operator",This section permits the Public Prosecutor to compel production of documents/things. Maps to P7-I5 because it authorizes government access to personal data held by postal entities without any independent judicial authorization; no court order/warrant is required.,https://sso.agc.gov.sg/Act/CPC2010#pr20-,0.96,Discovery: master dataset already records s. 20 of this law. Modality: may issue a written order to require; exceptions: none,Sectoral (postal services),,in_force
Malaysia,Personal Data Protection Act 2010 (Act 709),,,P6-I1,n/a,KNOWN,n/a,NO_EVIDENCE_FOUND_PENDING_REVIEW,"No qualifying provision found for P6-I1 after a full-corpus sweep. The configured governing law is cited as the reference basis (score-0 pattern, A3).",https://lom.agc.gov.my/act-detail.php?act=709,0.6,Absence row (NO_EVIDENCE_FOUND_PENDING_REVIEW): human approval required before this becomes a score-0 final row (P3.5 A3).,Horizontal,,unknown
Malaysia,Personal Data Protection Act 2010 (Act 709),,,P6-I2,n/a,KNOWN,n/a,NO_EVIDENCE_FOUND_PENDING_REVIEW,"No qualifying provision found for P6-I2 after a full-corpus sweep. The configured governing law is cited as the reference basis (score-0 pattern, A3).",https://lom.agc.gov.my/act-detail.php?act=709,0.6,Absence row (NO_EVIDENCE_FOUND_PENDING_REVIEW): human approval required before this becomes a score-0 final row (P3.5 A3).,Horizontal,,unknown
Malaysia,Personal Data Protection Act 2010 (Act 709),,,P6-I3,n/a,KNOWN,n/a,NO_EVIDENCE_FOUND_PENDING_REVIEW,"No qualifying provision found for P6-I3 after a full-corpus sweep. The configured governing law is cited as the reference basis (score-0 pattern, A3).",https://lom.agc.gov.my/act-detail.php?act=709,0.6,Absence row (NO_EVIDENCE_FOUND_PENDING_REVIEW): human approval required before this becomes a score-0 final row (P3.5 A3).,Horizontal,,unknown
Malaysia,Personal Data Protection Code Of Practice For Banking Sector And Financial Institutions 2017,,,P6-I4,s. 38,NEW,page 79,"Your personal data may not be transferred by the Bank outside of Malaysia unless the transfer is to a country with sufficient data protection laws, as specified by the Minister in a Government Gazette.",This section prohibits cross-border transfer of personal data unless adequacy is met. Maps to P6-I4 because it establishes a conditional flow regime: transfer is permitted only if the specified adequacy condition is satisfied.,https://www.pdp.gov.my/ppdpv1/wp-content/uploads/2024/08/170816-ABM-Code-Of-Practice-CLOcv04-FINAL_CLEAN.pdf,0.98,"Discovery: instrument is known but s. 38 is not among its recorded provisions (['1', '112', '113', '114', '12', '121', '129', '3', '4', '45', '5', '6', '7', '8', '9', 'sch1']). Modality: may not be transferred unless; exceptions: unless the transfer is to a country with sufficient data protection laws, as specified by the Minister in a Government Gazette",Sectoral (Banking sector and financial institutions),,in_force
Malaysia,Personal Data Protection Code Of Practice For Banking Sector And Financial Institutions 2017,,,P6-I4,s. 39,NEW,page 79,your personal data may be transferred abroad where: (i) you have consented to the transfer; (ii) the transfer is necessary for the performance of a contract between the Bank and yourself,"This section permits cross-border transfer of personal data. Maps to P6-I4 because transfer abroad is allowed only if specified conditions are met (consent, contract, legal proceedings, precautions, vital interests), so it is a conditional flow regime.",https://www.pdp.gov.my/ppdpv1/wp-content/uploads/2024/08/170816-ABM-Code-Of-Practice-CLOcv04-FINAL_CLEAN.pdf,0.98,"Discovery: instrument is known but s. 39 is not among its recorded provisions (['1', '112', '113', '114', '12', '121', '129', '3', '4', '45', '5', '6', '7', '8', '9', 'sch1']). Modality: may be transferred abroad where; exceptions: none",Sectoral (Banking sector and financial institutions),,in_force
Malaysia,Personal Data Protection Code Of Practice For Banking Sector And Financial Institutions 2017,,,P7-I1,s. 12,KNOWN,page 75,You are entitled to be provided with a written notice (also known as a Privacy Notice) prior to or as soon as possible after the collection of your personal data by the Bank.,"This section requires the Bank to provide a privacy notice before or soon after collecting personal data. It evidences a sectoral data-protection framework, so it maps to P7-I1 as non-comprehensive rather than a horizontal law.",https://www.pdp.gov.my/ppdpv1/wp-content/uploads/2024/08/170816-ABM-Code-Of-Practice-CLOcv04-FINAL_CLEAN.pdf,0.98,Discovery: master dataset already records s. 12 of this law. Modality: required; exceptions: none,Sectoral (Banking sector and financial institutions),,in_force
Malaysia,Personal Data Protection (Amendment) Act 2024 (Act A1727),,,P7-I1,s. 6(4),KNOWN,page 6,"Jika seseorang pengawal data mempunyai sebab untuk mempercayai bahawa pelanggaran data peribadi telah berlaku, pengawal data itu hendaklah, dengan secepat yang dapat dilaksanakan, memberitahu Pesuruhjaya","This section requires data controllers to notify the Commissioner of personal-data breaches. Maps to P7-I1 because it evidences the existence of a horizontal personal data protection framework, not its absence.",https://www.pdp.gov.my/ppdpv1/wp-content/uploads/2024/11/Akta-A1727-bm.pdf,0.95,Discovery: master dataset already records s. 6 of this law. Modality: hendaklah; exceptions: none,Horizontal,,in_force
Malaysia,Personal Data Protection (Amendment) Act 2024 (Act A1727),,,P7-I1,s. 3,KNOWN,page 4,"“data biometrik” ertinya apa-apa data peribadi yang terhasil daripada pemprosesan teknikal yang berhubungan dengan ciri-ciri fizikal, fisiologi atau tingkah laku seseorang;","This section establishes a definition of “data biometrik.” Maps to P7-I1 because it evidences the personal-data-protection framework’s scope/terminology, which is part of the horizontal framework rather than a sectoral-only rule.",https://www.pdp.gov.my/ppdpv1/wp-content/uploads/2024/11/Akta-A1727-bm.pdf,0.91,Discovery: master dataset already records s. 3 of this law. Modality: establishes; exceptions: none,Horizontal,,in_force
Malaysia,Personal Data Protection (Amendment) Act 2024 (Act A1727),,,P7-I1,s. 6(2),KNOWN,page 6,"Jika pemprosesan data peribadi dijalankan oleh seorang pemproses data bagi pihak pengawal data, pemproses data hendaklah melantik seorang atau lebih pegawai perlindungan data","This section requires data processors to appoint one or more data protection officers. Maps to P7-I1 because it evidences the existence of a horizontal personal-data-protection framework, which is the framework-existence evidence row for this absence-scored indicator.",https://www.pdp.gov.my/ppdpv1/wp-content/uploads/2024/11/Akta-A1727-bm.pdf,0.93,Discovery: master dataset already records s. 6 of this law. Modality: hendaklah (mandatory); exceptions: none,Horizontal,,in_force
Malaysia,Personal Data Protection (Amendment) Act 2024 (Act A1727),,,P7-I1,s. 6(1),KNOWN,page 6,Seseorang pengawal data hendaklah melantik seorang atau lebih pegawai perlindungan data,"This section requires a data controller to appoint one or more data protection officers. Maps to P7-I1 because it evidences the existence of a horizontal personal-data-protection framework, which is the framework row ESCAP records for this absence-scored indicator.",https://www.pdp.gov.my/ppdpv1/wp-content/uploads/2024/11/Akta-A1727-bm.pdf,0.97,Discovery: master dataset already records s. 6 of this law. Modality: hendaklah; exceptions: none,Horizontal,,in_force
Malaysia,Personal Data Protection Code Of Practice For Banking Sector And Financial Institutions 2017,,,P7-I1,s. 5,KNOWN,page 74,Your consent must be obtained before the Bank is able to collect and process your personal data.,"This section requires the Bank to obtain consent before collecting and processing personal data. Maps to P7-I1 because it evidences a personal-data-protection framework, and the indicator scores absence of a comprehensive framework rather than the existence of one.",https://www.pdp.gov.my/ppdpv1/wp-content/uploads/2024/08/170816-ABM-Code-Of-Practice-CLOcv04-FINAL_CLEAN.pdf,0.96,Discovery: master dataset already records s. 5 of this law. Modality: must; exceptions: none,Sectoral (Banking sector and financial institutions),,in_force
Malaysia,Personal Data Protection (Amendment) Act 2024 (Act A1727),,,P7-I1,s. 5,KNOWN,page 5,"dengan menggantikan perkataan “pengguna data hendaklah,” dengan perkataan “pengawal data dan seseorang pemproses data hendaklah,”","This amendment requires data controllers and processors to comply with s. 9 obligations. Maps to P7-I1 because it evidences the horizontal personal-data-protection framework’s operative obligations, which ESCAP records as framework existence rather than absence.",https://www.pdp.gov.my/ppdpv1/wp-content/uploads/2024/11/Akta-A1727-bm.pdf,0.96,Discovery: master dataset already records s. 5 of this law. Modality: hendaklah; exceptions: none,Horizontal,,in_force
Malaysia,Personal Data Protection (Amendment) Act 2024 (Act A1727),,,P7-I1,s. 9(3),KNOWN,page 8,"Apabila permintaan kemudahalihan data di bawah subseksyen (1) diterima, pengawal data hendaklah menyempurnakan penghantaran data peribadi itu dalam tempoh yang ditetapkan.","This section requires the data controller to complete transmission of personal data upon receiving a portability request. Maps to P7-I1 because it evidences the horizontal personal-data-protection framework's existence, not its absence.",https://www.pdp.gov.my/ppdpv1/wp-content/uploads/2024/11/Akta-A1727-bm.pdf,0.95,Discovery: master dataset already records s. 9 of this law. Modality: hendaklah; exceptions: none,Horizontal,,in_force
Malaysia,Personal Data Protection (Amendment) Act 2024 (Act A1727),,,P7-I1,s. 9,KNOWN,page 8,“Hak kepada kemudahalihan data 43a.,"This provision establishes a data portability right. Maps to P7-I1 because it evidences a horizontal personal-data-protection framework in force, even though the indicator scores absence of comprehensiveness.",https://www.pdp.gov.my/ppdpv1/wp-content/uploads/2024/11/Akta-A1727-bm.pdf,0.93,Discovery: master dataset already records s. 9 of this law. Modality: establishes; exceptions: none,Horizontal,,in_force
Malaysia,Personal Data Protection (Amendment) Act 2024 (Act A1727),,,P7-I1,s. 12,KNOWN,page 9,Seseorang pengawal data boleh memindahkan mana-mana data peribadi seorang subjek data ke,"This section permits a data controller to transfer personal data. Maps to P7-I1 because it evidences the horizontal personal-data-protection framework’s transfer rule, which confirms the framework exists rather than its absence.",https://www.pdp.gov.my/ppdpv1/wp-content/uploads/2024/11/Akta-A1727-bm.pdf,0.97,Discovery: master dataset already records s. 12 of this law. Modality: boleh; exceptions: none,Horizontal,,in_force
Malaysia,Personal Data Protection (Amendment) Act 2024 (Act A1727),,,P7-I1,s. 2,NEW,page 3,"Akta Perlindungan Data Peribadi 2010 [Akta 709], yang disebut “Akta ibu” dalam Akta ini, dipinda dengan menggantikan perkataan “pengguna data” di mana-mana jua terdapat termasuk dalam nota bahu dengan perkataan “pengawal data”","This amendment establishes the Personal Data Protection Act 2010 framework by defining the regulated actor as the data controller. Maps to P7-I1 because it evidences a horizontal personal-data-protection law in force, so the economy does not lack a comprehensive framework on this provision alone.",https://www.pdp.gov.my/ppdpv1/wp-content/uploads/2024/11/Akta-A1727-bm.pdf,0.95,"Discovery: instrument is known but s. 2 is not among its recorded provisions (['1', '112', '113', '114', '12', '121', '129', '3', '4', '45', '5', '6', '9', 'sch1']). Modality: establishes; exceptions: except in the definition of “daftar” under section 4 and section 9",Horizontal,,in_force
Malaysia,Cyber Security Act 2024 (Act 854),,,P7-I2,n/a,KNOWN,n/a,NO_EVIDENCE_FOUND_PENDING_REVIEW,"No qualifying provision found for P7-I2 after a full-corpus sweep. The configured governing law is cited as the reference basis (score-0 pattern, A3).",https://lom.agc.gov.my/act-detail.php?act=854,0.6,Absence row (NO_EVIDENCE_FOUND_PENDING_REVIEW): human approval required before this becomes a score-0 final row (P3.5 A3).,Horizontal,,unknown
Malaysia,Personal Data Protection Code Of Practice For Banking Sector And Financial Institutions 2017,,,P7-I3,s. 29,NEW,page 78,"your personal data will be retained by the Bank for the period in which you maintain accounts/facilities with the Bank, and a further seven (7) years from the date of closure of your accounts/facilities with the Bank.","This provision requires retention of personal data for a specified minimum period. Maps to P7-I3 because it clearly sets a keep-for-at-least period of seven years after closure, satisfying the minimum-retention test.",https://www.pdp.gov.my/ppdpv1/wp-content/uploads/2024/08/170816-ABM-Code-Of-Practice-CLOcv04-FINAL_CLEAN.pdf,0.98,"Discovery: instrument is known but s. 29 is not among its recorded provisions (['1', '112', '113', '114', '12', '121', '129', '3', '4', '45', '5', '6', '7', '8', '9', 'sch1']). Modality: will be retained; exceptions: may be retained for more than seven (7) years in certain circumstances; where further retention is required by law; where there is an obligation under the law to report, disclose or verify details; where the Bank can establish sufficient grounds; where it is in compliance with the Bank’s internal requirements; where regulators require continued maintenance",Sectoral (Banking sector and financial institutions),,in_force
Malaysia,Personal Data Protection (Amendment) Act 2024 (Act A1727),,,P7-I4,s. 6(1),KNOWN,page 6,Seseorang pengawal data hendaklah melantik seorang atau lebih pegawai perlindungan data,"This section requires data controllers to appoint one or more data protection officers. Maps to P7-I4 because it imposes a horizontal DPO requirement across the Act, satisfying the accountability-mechanism test.",https://www.pdp.gov.my/ppdpv1/wp-content/uploads/2024/11/Akta-A1727-bm.pdf,0.99,Discovery: master dataset already records s. 6 of this law. Modality: hendaklah; exceptions: none,Horizontal,,in_force
Malaysia,Personal Data Protection (Amendment) Act 2024 (Act A1727),,,P7-I4,s. 6(2),KNOWN,page 6,pemproses data hendaklah melantik seorang atau lebih pegawai perlindungan data,"This section requires data processors to appoint one or more data protection officers. Maps to P7-I4 because it establishes a mandatory DPO requirement, but only where processing is carried out by a processor on behalf of a controller, so it is not horizontal across all sectors.",https://www.pdp.gov.my/ppdpv1/wp-content/uploads/2024/11/Akta-A1727-bm.pdf,0.98,Discovery: master dataset already records s. 6 of this law. Modality: hendaklah; exceptions: none,Sectoral (All sectors where a data processor processes personal data on behalf of a data controller),,in_force
Malaysia,Personal Data Protection (Amendment) Act 2024 (Act A1727),,,P7-I4,s. 6(4),KNOWN,page 6,Pelantikan pegawai perlindungan data di bawah subseksyen (1) dan (2),"This section requires appointment of a data protection officer. Maps to P7-I4 because it establishes a mandatory DPO accountability mechanism across regulated controllers/processors, which is the legal function tested here.",https://www.pdp.gov.my/ppdpv1/wp-content/uploads/2024/11/Akta-A1727-bm.pdf,0.95,Discovery: master dataset already records s. 6 of this law. Modality: hendaklah / required; exceptions: appointment does not relieve the controller or processor of all duties and functions under the Act,Horizontal,,in_force
Malaysia,Personal Data Protection (Amendment) Act 2024 (Act A1727),,,P7-I4,s. 6(3),KNOWN,page 6,Pengawal data itu hendaklah memberitahu Pesuruhjaya tentang pelantikan pegawai perlindungan data,This section requires data controllers to notify the Commissioner of the appointment of a data protection officer. Maps to P7-I4 because it establishes a DPO appointment/notification accountability mechanism across the personal data protection regime.,https://www.pdp.gov.my/ppdpv1/wp-content/uploads/2024/11/Akta-A1727-bm.pdf,0.98,Discovery: master dataset already records s. 6 of this law. Modality: hendaklah; exceptions: none,Horizontal,,in_force
Malaysia,Personal Data Protection (Amendment) Act 2024 (Act A1727),,,P7-I4,s. 5,KNOWN,page 5,"“pengawal data dan seseorang pemproses data hendaklah,”","This section requires data controllers and data processors to comply with the amended statutory duty. Maps to P7-I4 because it establishes a cross-sector accountability mechanism tied to data protection compliance, not merely a general privacy rule.",https://www.pdp.gov.my/ppdpv1/wp-content/uploads/2024/11/Akta-A1727-bm.pdf,0.84,Discovery: master dataset already records s. 5 of this law. Modality: must; exceptions: none,Horizontal,,in_force
Malaysia,Personal Data Protection (Amendment) Act 2024 (Act A1727),,,P7-I4,s. 12,KNOWN,page 9,“Seseorang pengawal data boleh memindahkan mana-mana data peribadi seorang subjek data ke”,"This section permits data controllers to transfer personal data. Maps to P7-I4 because it is the statutory cross-border transfer rule in the PDPA framework, which is the accountability mechanism baseline tied to this indicator.",https://www.pdp.gov.my/ppdpv1/wp-content/uploads/2024/11/Akta-A1727-bm.pdf,0.97,Discovery: master dataset already records s. 12 of this law. Modality: boleh; exceptions: none,Horizontal,,in_force
Malaysia,Personal Data Protection Act 2010 (Act 709),,,P7-I5,n/a,KNOWN,n/a,NO_EVIDENCE_FOUND_PENDING_REVIEW,"No qualifying provision found for P7-I5 after a full-corpus sweep. The configured governing law is cited as the reference basis (score-0 pattern, A3).",https://lom.agc.gov.my/act-detail.php?act=709,0.6,Absence row (NO_EVIDENCE_FOUND_PENDING_REVIEW): human approval required before this becomes a score-0 final row (P3.5 A3).,Horizontal,,unknown
Australia,Privacy Act 1988,,,P6-I1,n/a,KNOWN,n/a,NO_EVIDENCE_FOUND_PENDING_REVIEW,"No qualifying provision found for P6-I1 after a full-corpus sweep. The configured governing law is cited as the reference basis (score-0 pattern, A3).",https://www.legislation.gov.au/C2004A03712/latest,0.6,Absence row (NO_EVIDENCE_FOUND_PENDING_REVIEW): human approval required before this becomes a score-0 final row (P3.5 A3).,Horizontal,,in_force
Australia,My Health Records Act 2012,,2026-07,P6-I2,s. 77(2),KNOWN,page 102,"to hold and take such records outside Australia, provided that 
the records do not include:","This section permits the System Operator to hold/take records outside Australia. Maps to P6-I2 because it authorises domestic storage of a copy/record set subject to conditions, i.e. a local-storage rule with an exception path, not a transfer ban.",https://www.legislation.gov.au/C2012A00063/latest,0.97,Discovery: master dataset already records s. 77 of this law. Modality: authorised / permits; exceptions: records do not include personal information in relation to a healthcare recipient or a participant in the My Health Record system; records do not include identifying information of an individual or entity,Sectoral - My Health Record system (health records),,in_force
Australia,Privacy Act 1988,,,P6-I3,n/a,KNOWN,n/a,NO_EVIDENCE_FOUND_PENDING_REVIEW,"No qualifying provision found for P6-I3 after a full-corpus sweep. The configured governing law is cited as the reference basis (score-0 pattern, A3).",https://www.legislation.gov.au/C2004A03712/latest,0.6,Absence row (NO_EVIDENCE_FOUND_PENDING_REVIEW): human approval required before this becomes a score-0 final row (P3.5 A3).,Horizontal,,in_force
Australia,Privacy Act 1988,,,P6-I4,n/a,KNOWN,n/a,NO_EVIDENCE_FOUND_PENDING_REVIEW,"No qualifying provision found for P6-I4 after a full-corpus sweep. The configured governing law is cited as the reference basis (score-0 pattern, A3).",https://www.legislation.gov.au/C2004A03712/latest,0.6,Absence row (NO_EVIDENCE_FOUND_PENDING_REVIEW): human approval required before this becomes a score-0 final row (P3.5 A3).,Horizontal,,in_force
Australia,Data Availability and Transparency Act 2022,,2024-12,P7-I1,s. 16B(8),NEW,page 44,"If personal information about an individual is to be shared without 
the consent of the individual for the data sharing purpose of 
informing government policy and programs, or research and 
development, the data sharing agreement must include a statement 
setting out why sharing the personal information is consistent with 
this section.","This section requires a statement justifying non-consensual sharing of personal information for specified data-sharing purposes. It evidences a privacy framework, but only sectorally and not a comprehensive horizontal data-protection law, so it maps to P7-I1 as sectoral-only.",https://www.legislation.gov.au/C2022A00011/latest,0.91,"Discovery: instrument is known but s. 16B is not among its recorded provisions (['101', '104', '25A', '45', '6', 'sch2', 'sch3']). Modality: must; exceptions: none",Sectoral (government data sharing / privacy protections),,in_force
Australia,Data Availability and Transparency Act 2022,,2024-12,P7-I1,s. 126(2B),NEW,page 145,"A data code about the general privacy protections in section 16A 
must deal with consent by individuals to the sharing of their 
personal information.","This requires a data code to address consent for sharing personal information. It evidences a privacy-protection framework, but only within a data-sharing scheme instrument, so it is sectoral/partial rather than a comprehensive horizontal data-protection law.",https://www.legislation.gov.au/C2022A00011/latest,0.93,"Discovery: instrument is known but s. 126 is not among its recorded provisions (['101', '104', '25A', '45', '6', 'sch2', 'sch3']). Modality: must; exceptions: none",Sectoral (Data sharing scheme instruments),,in_force
Australia,Privacy Act 1988,,2026-06,P7-I1,s. 13(1),NEW,page 98,"An act or practice of an APP entity is an 
interference with the 
privacy of an individual
 if:
 
 
(a)
 
the act or practice breaches an Australian Privacy Principle in 
relation to personal information about the individual; or","This section establishes the core privacy-enforcement framework by defining when conduct is an interference with privacy. Maps to P7-I1 because it evidences a horizontal personal-data-protection regime under the Privacy Act 1988, not the absence of one.",https://www.legislation.gov.au/C2004A03712/latest,0.97,Discovery: instrument is known but s. 13 is not among its recorded provisions (['33D']). Modality: is; exceptions: none,Horizontal,,in_force
Australia,Privacy Act 1988,,2026-06,P7-I1,s. 26WA,NEW,page 220,"This Part sets up a scheme for notification of eligible data 
breaches.","This Part establishes a notification scheme. Maps to P7-I1 because it evidences a personal-data-protection framework in force, even though it is breach-notification only and therefore not a comprehensive horizontal DP law.",https://www.legislation.gov.au/C2004A03712/latest,0.95,Discovery: instrument is known but s. 26WA is not among its recorded provisions (['33D']). Modality: must; exceptions: none,Sectoral (privacy / data breach notification),,in_force
Australia,Security of Critical Infrastructure Act 2018,,2026-06,P7-I2,s. 30CM(1),NEW,page 135,"The Secretary may, by written notice given to an entity that is the 
responsible entity for a system of national significance, require the 
entity to:
 
 
(a)
 
undertake a cyber security exercise","This section permits the Secretary to require a cyber security exercise. It maps to P7-I2 because it evidences a dedicated cybersecurity framework for critical infrastructure, specifically enhanced cyber security obligations.",https://www.legislation.gov.au/C2018A00029/latest,0.96,Discovery: instrument is known but s. 30CM is not among its recorded provisions (none recorded). Modality: may require; exceptions: none,Sectoral (Critical infrastructure),,in_force
Australia,Security of Critical Infrastructure Act 2018,,2026-06,P7-I2,s. 30CJ(2),NEW,page 134,"Requirements specified under paragraph (1)(e):
 
 
(a)
 
may be of general application; or
 
 
(b)
 
may relate to one or more specified systems of national 
significance; or
 
 
(c)
 
may relate to one or more specified types of cyber security 
incidents.","This provision permits specification of incident response plan requirements. Maps to P7-I2 because it evidences a cybersecurity incident-response framework within the critical infrastructure regime, i.e. a dedicated sectoral cybersecurity framework rather than no framework.",https://www.legislation.gov.au/C2018A00029/latest,0.93,Discovery: instrument is known but s. 30CJ is not among its recorded provisions (none recorded). Modality: may; exceptions: none,Sectoral (Critical infrastructure),,in_force
Australia,Security of Critical Infrastructure Act 2018,,2026-06,P7-I2,s. 30CM(2),NEW,page 135,"The Secretary may, by written notice given to an entity that is the 
responsible entity for a system of national significance, require the 
entity to:
 
 
(a)
 
undertake a cyber security exercise","This section permits the Secretary to require a cyber security exercise. Maps to P7-I2 because it evidences a dedicated cybersecurity framework for critical infrastructure, even though the indicator is absence-scored.",https://www.legislation.gov.au/C2018A00029/latest,0.97,Discovery: instrument is known but s. 30CM is not among its recorded provisions (none recorded). Modality: may require; exceptions: none,Sectoral (critical infrastructure),,in_force
Australia,Security of Critical Infrastructure Act 2018,,2026-06,P7-I2,s. 30CN(1),NEW,page 136,"A 
cyber security exercise
 is an exercise:
 
 
(a)
 
that is undertaken by the responsible entity for a system of 
national significance; and
 
 
(b)
 
that relates to the system;","This section requires cyber security exercises for systems of national significance. Maps to P7-I2 because it evidences a dedicated cybersecurity framework for critical infrastructure incident preparedness/response, so the economy does not lack such a framework.",https://www.legislation.gov.au/C2018A00029/latest,0.97,Discovery: instrument is known but s. 30CN is not among its recorded provisions (none recorded). Modality: must; exceptions: none,Sectoral (critical infrastructure / systems of national significance),,in_force
Australia,Security of Critical Infrastructure Act 2018,,2026-06,P7-I2,s. 35AB(10),NEW,page 176,"the incident is a cyber security incident; and
 
 
(a)
 
giving a Ministerial authorisation under paragraph (2)(c) or 
(d) would not amount to a practical and effective response to 
the incident;","This section requires Ministerial authorisation only for responding to a cyber security incident in critical infrastructure. Maps to P7-I2 because it evidences a dedicated cybersecurity incident-response framework, which means the economy does not lack such a framework.",https://www.legislation.gov.au/C2018A00029/latest,0.93,Discovery: instrument is known but s. 35AB is not among its recorded provisions (none recorded). Modality: must not give unless satisfied; exceptions: none,Sectoral (critical infrastructure),,in_force
Australia,Security of Critical Infrastructure Act 2018,,2026-06,P7-I2,s. 30CJ(1),NEW,page 134,"An 
incident response plan
 is a written plan:
 
 
(a)
 
that applies to an entity that is the responsible entity for a 
system of national significance; and
 
 
(b)
 
that relates to the system; and
 
 
(c)
 
that relates to cyber security incidents; and
 
 
(d)
 
the purpose of which is to plan for responding to cyber 
security incidents that could have a relevant impact on the 
system;","This section requires an incident response plan for systems of national significance. Maps to P7-I2 because it evidences a dedicated cybersecurity incident-response framework, which is a cybersecurity legal framework rather than its absence.",https://www.legislation.gov.au/C2018A00029/latest,0.97,Discovery: instrument is known but s. 30CJ is not among its recorded provisions (none recorded). Modality: is a written plan; exceptions: none,Sectoral (Critical infrastructure / systems of national significance),,in_force
Australia,Security of Critical Infrastructure Act 2018,,2026-06,P7-I2,s. 30CY(1),NEW,page 145,"A 
vulnerability assessment
 is an assessment:
 
 
(a)
 
that relates to a system of national significance; and
 
 
(b)
 
that either:
 
 
(i)
 
relates to all types of cyber security incidents; or
 
 
(ii)
 
relates to one or more specified types of cyber security 
incidents;","This provision establishes a vulnerability-assessment framework for systems of national significance. Maps to P7-I2 because it evidences a dedicated cybersecurity obligation within the critical infrastructure regime, not merely scattered security clauses.",https://www.legislation.gov.au/C2018A00029/latest,0.93,Discovery: instrument is known but s. 30CY is not among its recorded provisions (none recorded). Modality: is an assessment; exceptions: none,Sectoral (Critical infrastructure),,in_force
Australia,Security of Critical Infrastructure Act 2018,,2026-06,P7-I2,s. 35AB(2),NEW,page 176,"The Minister may, on application by the Secretary, do any or all of 
the following things:","This section permits ministerial authorisation of incident-response directions. Maps to P7-I2 because it evidences a dedicated cybersecurity incident-response framework for critical infrastructure, not a lack of framework.",https://www.legislation.gov.au/C2018A00029/latest,0.95,Discovery: instrument is known but s. 35AB is not among its recorded provisions (none recorded). Modality: may; exceptions: The Minister must not give an authorisation under paragraph (2)(e) or (f) unless the Minister is satisfied that the incident is a cyber security incident,Sectoral (Critical infrastructure),,in_force
Australia,Security of Critical Infrastructure Act 2018,,2026-06,P7-I2,s. 42AA,NEW,page 214,"A relevant entity (other than the Commonwealth) for a critical 
infrastructure asset may make a record of, use or disclose protected 
information if the entity makes the record, or uses or discloses the 
information:
 
 
(a)
 
for a purpose relating to the continued operation of the 
critical infrastructure asset; or
 
 
(b)
 
to mitigate a risk to the availability, integrity, reliability or 
secu",This section permits authorised use/disclosure of protected information for critical infrastructure security purposes. Maps to P7-I2 because it evidences a dedicated critical-infrastructure cybersecurity/security framework addressing risk mitigation and security operations.,https://www.legislation.gov.au/C2018A00029/latest,0.91,"Discovery: instrument is known but s. 42AA is not among its recorded provisions (none recorded). Modality: may; exceptions: other laws, including the Australian Privacy Principles",Sectoral (Critical infrastructure),,in_force
Australia,My Health Records Act 2012,,2026-07,P7-I3,s. 17(2),NEW,page 39,"The System Operator must ensure that the record is retained for the 
period:
 
 
(a)
 
beginning when the record is first uploaded to the National 
Repositories Service; and","This section requires the System Operator to retain records for a specified minimum period. Maps to P7-I3 because it establishes a mandatory retention duration (keep >= the stated period), not merely a retention limit.",https://www.legislation.gov.au/C2012A00063/latest,0.99,"Discovery: instrument is known but s. 17 is not among its recorded provisions (['77']). Modality: must; exceptions: ending: (i) 30 years after the death of the healthcare recipient; or (ii) if the System Operator does not know the date of death of the healthcare recipient—130 years after the date of birth of the healthcare recipient; or (iii) if, under subsection (3), the record is required to be destroyed because of the cancellation of registration of the healthcare recipient—when the System Operator is required to destroy the record under subsection (4).",Sectoral (My Health Records / health records system),,in_force
Australia,Privacy Act 1988,,2026-06,P7-I4,s. 33D(1),KNOWN,page 267,"the Commissioner may, in writing, direct the agency to give the 
Commissioner, within a specified period, a privacy impact 
assessment about the activity or function.",This provision permits the Commissioner to direct an agency to provide a privacy impact assessment. Maps to P7-I4 because it establishes a DPIA requirement mechanism (via Commissioner direction) for agencies when the statutory conditions are met.,https://www.legislation.gov.au/C2004A03712/latest,0.98,Discovery: master dataset already records s. 33D of this law. Modality: may direct; exceptions: none,Horizontal,,in_force
Australia,Telecommunications Act 1997,,2026-06,P7-I5,s. 317ZH(4),KNOWN,"vol 2, page 130","if the doing of the act or thing would:
 
 
(e)
 
assist in, or facilitate, giving effect to a warrant or 
authorisation under a law of the Commonwealth, a State or a 
Territory; or","This section permits technical assistance requests/notices to require designated communications providers to help ASIO or an interception agency. Maps to P7-I5 because it authorizes access-related assistance tied to warrants/authorisations, but does not itself require independent judicial authorizat",https://www.legislation.gov.au/C2004A05145/latest,0.78,Discovery: master dataset already records s. 317ZH of this law. Modality: permits/requesting or requiring; exceptions: Subsection (1) or (3) does not prevent these requests/notices from being made,Sectoral (Telecommunications),,in_force
